3/4 Sit-Up	4分の3シットアップ
90/90 Hamstring	90/90ハムストリングストレッチ
Ab Crunch Machine	アブクランチマシン
Ab Roller	アブローラー
Adductor	内転筋ストレッチ
Adductor/Groin	内転筋・鼠径部ストレッチ
Advanced Kettlebell Windmill	アドバンスド・ケトルベルウィンドミル
Air Bike	エアバイク
All Fours Quad Stretch	四つ這い大腿四頭筋ストレッチ
Alternate Hammer Curl	オルタネイト・ハンマーカール
Alternate Heel Touchers	オルタネイト・ヒールタッチ
Alternate Incline Dumbbell Curl	オルタネイト・インクラインダンベルカール
Alternate Leg Diagonal Bound	オルタネイト・レッグ・ダイアゴナルバウンド
Alternating Cable Shoulder Press	オルタネイト・ケーブルショルダープレス
Alternating Deltoid Raise	オルタネイト・デルトイドレイズ
Alternating Floor Press	オルタネイト・フロアプレス
Alternating Hang Clean	オルタネイト・ハングクリーン
Alternating Kettlebell Press	オルタネイト・ケトルベルプレス
Alternating Kettlebell Row	オルタネイト・ケトルベルロウ
Alternating Renegade Row	オルタネイト・レネゲードロウ
Ankle Circles	足首回し
Ankle On The Knee	足首を膝に乗せるストレッチ
Anterior Tibialis-SMR	前脛骨筋フォームローリング
Anti-Gravity Press	アンチグラビティプレス
Arm Circles	腕回し
Arnold Dumbbell Press	アーノルドプレス
Around The Worlds	アラウンド・ザ・ワールド
Atlas Stone Trainer	アトラスストーン・トレーナー
Atlas Stones	アトラスストーン
Axle Deadlift	アクスルデッドリフト
Back Flyes - With Bands	バンド・バックフライ
Backward Drag	バックワードドラッグ
Backward Medicine Ball Throw	バックワード・メディシンボールスロー
Balance Board	バランスボード
Ball Leg Curl	ボールレッグカール
Band Assisted Pull-Up	バンド補助懸垂
Band Good Morning	バンドグッドモーニング
Band Good Morning (Pull Through)	バンドグッドモーニング（プルスルー）
Band Hip Adductions	バンド・ヒップアダクション
Band Pull Apart	バンドプルアパート
Band Skull Crusher	バンドスカルクラッシャー
Barbell Ab Rollout	バーベルアブロールアウト
Barbell Ab Rollout - On Knees	バーベルアブロールアウト（膝つき）
Barbell Bench Press - Medium Grip	バーベルベンチプレス（ミディアムグリップ）
Barbell Curl	バーベルカール
Barbell Curls Lying Against An Incline	インクライン・バーベルカール（うつ伏せ）
Barbell Deadlift	バーベルデッドリフト
Barbell Full Squat	バーベルフルスクワット
Barbell Glute Bridge	バーベルグルートブリッジ
Barbell Guillotine Bench Press	バーベル・ギロチンベンチプレス
Barbell Hack Squat	バーベルハックスクワット
Barbell Hip Thrust	バーベルヒップスラスト
Barbell Incline Bench Press - Medium Grip	バーベルインクラインベンチプレス（ミディアムグリップ）
Barbell Incline Shoulder Raise	バーベル・インクラインショルダーレイズ
Barbell Lunge	バーベルランジ
Barbell Rear Delt Row	バーベル・リアデルトロウ
Barbell Rollout from Bench	ベンチからのバーベルロールアウト
Barbell Seated Calf Raise	バーベルシーテッドカーフレイズ
Barbell Shoulder Press	バーベルショルダープレス
Barbell Shrug	バーベルシュラッグ
Barbell Shrug Behind The Back	ビハインド・ザ・バック・バーベルシュラッグ
Barbell Side Bend	バーベルサイドベンド
Barbell Side Split Squat	バーベル・サイドスプリットスクワット
Barbell Squat	バーベルスクワット
Barbell Squat To A Bench	ベンチスクワット（バーベル）
Barbell Step Ups	バーベルステップアップ
Barbell Walking Lunge	バーベルウォーキングランジ
Battling Ropes	バトルロープ
Bear Crawl Sled Drags	ベアクロール・スレッドドラッグ
Behind Head Chest Stretch	頭の後ろで行う胸のストレッチ
Bench Dips	ベンチディップス
Bench Jump	ベンチジャンプ
Bench Press - Powerlifting	ベンチプレス（パワーリフティング）
Bench Press - With Bands	バンド付きベンチプレス
Bench Press with Chains	チェーン付きベンチプレス
Bench Sprint	ベンチスプリント
Bent-Arm Barbell Pullover	ベントアーム・バーベルプルオーバー
Bent-Arm Dumbbell Pullover	ベントアーム・ダンベルプルオーバー
Bent-Knee Hip Raise	ベントニー・ヒップレイズ
Bent Over Barbell Row	ベントオーバーロウ
Bent Over Dumbbell Rear Delt Raise With Head On Bench	ベンチに頭を乗せたダンベル・リアデルトレイズ
Bent Over Low-Pulley Side Lateral	ベントオーバー・ローケーブルサイドレイズ
Bent Over One-Arm Long Bar Row	ワンハンド・ロングバーロウ（ベントオーバー）
Bent Over Two-Arm Long Bar Row	ツーハンド・ロングバーロウ（ベントオーバー）
Bent Over Two-Dumbbell Row	ベントオーバー・ツーダンベルロウ
Bent Over Two-Dumbbell Row With Palms In	ベントオーバー・ツーダンベルロウ（ニュートラルグリップ）
Bent Press	ベントプレス
Bicycling	サイクリング
Bicycling, Stationary	エアロバイク
Board Press	ボードプレス
Body-Up	ボディアップ
Body Tricep Press	自重トライセプスプレス
Bodyweight Flyes	自重フライ
Bodyweight Mid Row	自重ミッドロウ
Bodyweight Squat	自重スクワット
Bodyweight Walking Lunge	自重ウォーキングランジ
Bosu Ball Cable Crunch With Side Bends	ボスボール・ケーブルクランチ（サイドベンド付き）
Bottoms-Up Clean From The Hang Position	ボトムズアップ・ハングクリーン
Bottoms Up	ボトムズアップ
Box Jump (Multiple Response)	ボックスジャンプ（連続）
Box Skip	ボックススキップ
Box Squat	ボックススクワット
Box Squat with Bands	バンド付きボックススクワット
Box Squat with Chains	チェーン付きボックススクワット
Brachialis-SMR	上腕筋フォームローリング
Bradford/Rocky Presses	ブラッドフォード／ロッキープレス
Butt-Ups	バットアップ
Butt Lift (Bridge)	ヒップリフト（ブリッジ）
Butterfly	ペックデック（バタフライ）
Cable Chest Press	ケーブルチェストプレス
Cable Crossover	ケーブルクロスオーバー
Cable Crunch	ケーブルクランチ
Cable Deadlifts	ケーブルデッドリフト
Cable Hammer Curls - Rope Attachment	ケーブルハンマーカール（ロープ）
Cable Hip Adduction	ケーブルヒップアダクション
Cable Incline Pushdown	ケーブル・インクラインプッシュダウン
Cable Incline Triceps Extension	ケーブル・インクライントライセプスエクステンション
Cable Internal Rotation	ケーブル・インターナルローテーション
Cable Iron Cross	ケーブル・アイアンクロス
Cable Judo Flip	ケーブル・ジュードーフリップ
Cable Lying Triceps Extension	ケーブル・ライイングトライセプスエクステンション
Cable One Arm Tricep Extension	ワンハンド・ケーブルトライセプスエクステンション
Cable Preacher Curl	ケーブルプリーチャーカール
Cable Rear Delt Fly	ケーブル・リアデルトフライ
Cable Reverse Crunch	ケーブルリバースクランチ
Cable Rope Overhead Triceps Extension	ケーブルロープ・オーバーヘッドトライセプスエクステンション
Cable Rope Rear-Delt Rows	ケーブルロープ・リアデルトロウ
Cable Russian Twists	ケーブル・ロシアンツイスト
Cable Seated Crunch	ケーブル・シーテッドクランチ
Cable Seated Lateral Raise	ケーブル・シーテッドサイドレイズ
Cable Shoulder Press	ケーブルショルダープレス
Cable Shrugs	ケーブルシュラッグ
Cable Wrist Curl	ケーブルリストカール
Calf-Machine Shoulder Shrug	カーフマシン・ショルダーシュラッグ
Calf Press	カーフプレス
Calf Press On The Leg Press Machine	レッグプレスマシンでのカーフプレス
Calf Raise On A Dumbbell	ダンベル上でのカーフレイズ
Calf Raises - With Bands	バンド・カーフレイズ
Calf Stretch Elbows Against Wall	壁に肘をつくふくらはぎのストレッチ
Calf Stretch Hands Against Wall	壁に手をつくふくらはぎのストレッチ
Calves-SMR	ふくらはぎフォームローリング
Car Deadlift	カーデッドリフト
Car Drivers	カードライバー
Carioca Quick Step	カリオカ・クイックステップ
Cat Stretch	キャットストレッチ
Catch and Overhead Throw	キャッチ＆オーバーヘッドスロー
Chain Handle Extension	チェーンハンドル・エクステンション
Chain Press	チェーンプレス
Chair Leg Extended Stretch	椅子を使った脚伸ばしストレッチ
Chair Lower Back Stretch	椅子を使った腰のストレッチ
Chair Squat	チェアスクワット
Chair Upper Body Stretch	椅子を使った上半身ストレッチ
Chest And Front Of Shoulder Stretch	胸と肩前面のストレッチ
Chest Push from 3 point stance	3ポイントスタンスからのチェストプッシュ
Chest Push (multiple response)	チェストプッシュ（連続）
Chest Push (single response)	チェストプッシュ（単発）
Chest Push with Run Release	チェストプッシュ＆ランリリース
Chest Stretch on Stability Ball	バランスボールを使った胸のストレッチ
Child's Pose	チャイルドポーズ
Chin-Up	チンニング（逆手懸垂）
Chin To Chest Stretch	あごを胸に近づける首のストレッチ
Circus Bell	サーカスベル
Clean	クリーン
Clean Deadlift	クリーンデッドリフト
Clean Pull	クリーンプル
Clean Shrug	クリーンシュラッグ
Clean and Jerk	クリーン＆ジャーク
Clean and Press	クリーン＆プレス
Clean from Blocks	ブロックからのクリーン
Clock Push-Up	クロックプッシュアップ
Close-Grip Barbell Bench Press	クローズグリップ・ベンチプレス
Close-Grip Dumbbell Press	クローズグリップ・ダンベルプレス
Close-Grip EZ-Bar Curl with Band	バンド付きクローズグリップEZバーカール
Close-Grip EZ-Bar Press	クローズグリップEZバープレス
Close-Grip EZ Bar Curl	クローズグリップEZバーカール
Close-Grip Front Lat Pulldown	クローズグリップ・ラットプルダウン
Close-Grip Push-Up off of a Dumbbell	ダンベル上でのクローズグリップ腕立て伏せ
Close-Grip Standing Barbell Curl	クローズグリップ・スタンディングバーベルカール
Cocoons	コクーン
Conan's Wheel	コナンズホイール
Concentration Curls	コンセントレーションカール
Cross-Body Crunch	クロスボディクランチ
Cross Body Hammer Curl	クロスボディ・ハンマーカール
Cross Over - With Bands	バンド・クロスオーバー
Crossover Reverse Lunge	クロスオーバー・リバースランジ
Crucifix	クルシフィックス
Crunch - Hands Overhead	クランチ（手を頭上）
Crunch - Legs On Exercise Ball	クランチ（脚をボールに乗せる）
Crunches	クランチ
Cuban Press	キューバンプレス
Dancer's Stretch	ダンサーズストレッチ
Dead Bug	デッドバグ
Deadlift with Bands	バンド付きデッドリフト
Deadlift with Chains	チェーン付きデッドリフト
Decline Barbell Bench Press	デクラインベンチプレス
Decline Close-Grip Bench To Skull Crusher	デクライン・クローズグリップベンチ→スカルクラッシャー
Decline Crunch	デクラインクランチ
Decline Dumbbell Bench Press	デクライン・ダンベルベンチプレス
Decline Dumbbell Flyes	デクライン・ダンベルフライ
Decline Dumbbell Triceps Extension	デクライン・ダンベルトライセプスエクステンション
Decline EZ Bar Triceps Extension	デクラインEZバー・トライセプスエクステンション
Decline Oblique Crunch	デクライン・オブリーククランチ
Decline Push-Up	デクラインプッシュアップ
Decline Reverse Crunch	デクライン・リバースクランチ
Decline Smith Press	デクライン・スミスプレス
Deficit Deadlift	ディフィシットデッドリフト
Depth Jump Leap	デプスジャンプ・リープ
Dip Machine	ディップマシン
Dips - Chest Version	ディップス（胸）
Dips - Triceps Version	ディップス（上腕三頭筋）
Donkey Calf Raises	ドンキーカーフレイズ
Double Kettlebell Alternating Hang Clean	ダブルケトルベル・オルタネイトハングクリーン
Double Kettlebell Jerk	ダブルケトルベルジャーク
Double Kettlebell Push Press	ダブルケトルベルプッシュプレス
Double Kettlebell Snatch	ダブルケトルベルスナッチ
Double Kettlebell Windmill	ダブルケトルベルウィンドミル
Double Leg Butt Kick	ダブルレッグ・バットキック
Downward Facing Balance	ダウンワードフェイシング・バランス
Drag Curl	ドラッグカール
Drop Push	ドロッププッシュ
Dumbbell Alternate Bicep Curl	オルタネイト・ダンベルカール
Dumbbell Bench Press	ダンベルベンチプレス
Dumbbell Bench Press with Neutral Grip	ニュートラルグリップ・ダンベルベンチプレス
Dumbbell Bicep Curl	ダンベルカール
Dumbbell Clean	ダンベルクリーン
Dumbbell Floor Press	ダンベルフロアプレス
Dumbbell Flyes	ダンベルフライ
Dumbbell Incline Row	インクライン・ダンベルロウ
Dumbbell Incline Shoulder Raise	インクライン・ダンベルショルダーレイズ
Dumbbell Lunges	ダンベルランジ
Dumbbell Lying One-Arm Rear Lateral Raise	ライイング・ワンハンド・リアレイズ
Dumbbell Lying Pronation	ダンベル・ライイングプロネーション
Dumbbell Lying Rear Lateral Raise	ライイング・ダンベルリアレイズ
Dumbbell Lying Supination	ダンベル・ライイングサピネーション
Dumbbell One-Arm Shoulder Press	ワンハンド・ダンベルショルダープレス
Dumbbell One-Arm Triceps Extension	ワンハンド・ダンベルトライセプスエクステンション
Dumbbell One-Arm Upright Row	ワンハンド・ダンベルアップライトロウ
Dumbbell Prone Incline Curl	プローン・インクラインダンベルカール
Dumbbell Raise	ダンベルレイズ
Dumbbell Rear Lunge	ダンベル・リアランジ
Dumbbell Scaption	ダンベル・スキャプション
Dumbbell Seated Box Jump	ダンベル・シーテッドボックスジャンプ
Dumbbell Seated One-Leg Calf Raise	ダンベル・シーテッドワンレッグカーフレイズ
Dumbbell Shoulder Press	ダンベルショルダープレス
Dumbbell Shrug	ダンベルシュラッグ
Dumbbell Side Bend	ダンベルサイドベンド
Dumbbell Squat	ダンベルスクワット
Dumbbell Squat To A Bench	ダンベル・ベンチスクワット
Dumbbell Step Ups	ダンベルステップアップ
Dumbbell Tricep Extension -Pronated Grip	ダンベルトライセプスエクステンション（オーバーグリップ）
Dynamic Back Stretch	ダイナミック背中ストレッチ
Dynamic Chest Stretch	ダイナミック胸ストレッチ
EZ-Bar Curl	EZバーカール
EZ-Bar Skullcrusher	EZバー・スカルクラッシャー
Elbow Circles	肘回し
Elbow to Knee	エルボートゥニー
Elbows Back	エルボーズバック
Elevated Back Lunge	エレベーテッド・バックランジ
Elevated Cable Rows	エレベーテッド・ケーブルロウ
Elliptical Trainer	エリプティカルトレーナー
Exercise Ball Crunch	バランスボール・クランチ
Exercise Ball Pull-In	バランスボール・プルイン
Extended Range One-Arm Kettlebell Floor Press	ワンアーム・ケトルベルフロアプレス（ロングレンジ）
External Rotation	エクスターナルローテーション
External Rotation with Band	バンド・エクスターナルローテーション
External Rotation with Cable	ケーブル・エクスターナルローテーション
Face Pull	フェイスプル
Farmer's Walk	ファーマーズウォーク
Fast Skipping	ファストスキッピング
Finger Curls	フィンガーカール
Flat Bench Cable Flyes	フラットベンチ・ケーブルフライ
Flat Bench Leg Pull-In	フラットベンチ・レッグプルイン
Flat Bench Lying Leg Raise	フラットベンチ・ライイングレッグレイズ
Flexor Incline Dumbbell Curls	フレクサー・インクラインダンベルカール
Floor Glute-Ham Raise	フロア・グルートハムレイズ
Floor Press	フロアプレス
Floor Press with Chains	チェーン付きフロアプレス
Flutter Kicks	フラッターキック
Foot-SMR	足裏フォームローリング
Forward Drag with Press	フォワードドラッグ＆プレス
Frankenstein Squat	フランケンシュタインスクワット
Freehand Jump Squat	フリーハンド・ジャンプスクワット
Frog Hops	フロッグホップ
Frog Sit-Ups	フロッグシットアップ
Front Barbell Squat	フロントスクワット
Front Barbell Squat To A Bench	フロントスクワット（ベンチ）
Front Box Jump	フロントボックスジャンプ
Front Cable Raise	ケーブルフロントレイズ
Front Cone Hops (or hurdle hops)	フロントコーンホップ（ハードルホップ）
Front Dumbbell Raise	ダンベルフロントレイズ
Front Incline Dumbbell Raise	インクライン・ダンベルフロントレイズ
Front Leg Raises	フロントレッグレイズ
Front Plate Raise	プレートフロントレイズ
Front Raise And Pullover	フロントレイズ＆プルオーバー
Front Squat (Clean Grip)	フロントスクワット（クリーングリップ）
Front Squats With Two Kettlebells	ダブルケトルベル・フロントスクワット
Front Two-Dumbbell Raise	ツーダンベル・フロントレイズ
Full Range-Of-Motion Lat Pulldown	フルレンジ・ラットプルダウン
Gironda Sternum Chins	ジロンダ・スターナムチン
Glute Ham Raise	グルートハムレイズ
Glute Kickback	グルートキックバック
Goblet Squat	ゴブレットスクワット
Good Morning	グッドモーニング
Good Morning off Pins	ピンからのグッドモーニング
Gorilla Chin/Crunch	ゴリラチン／クランチ
Groin and Back Stretch	鼠径部と背中のストレッチ
Groiners	グロイナー
Hack Squat	ハックスクワット
Hammer Curls	ハンマーカール
Hammer Grip Incline DB Bench Press	ハンマーグリップ・インクラインダンベルプレス
Hamstring-SMR	ハムストリングフォームローリング
Hamstring Stretch	ハムストリングストレッチ
Handstand Push-Ups	ハンドスタンドプッシュアップ
Hang Clean	ハングクリーン
Hang Clean - Below the Knees	ハングクリーン（膝下）
Hang Snatch	ハングスナッチ
Hang Snatch - Below Knees	ハングスナッチ（膝下）
Hanging Bar Good Morning	ハンギングバー・グッドモーニング
Hanging Leg Raise	ハンギングレッグレイズ
Hanging Pike	ハンギングパイク
Heaving Snatch Balance	ヒービングスナッチバランス
Heavy Bag Thrust	ヘビーバッグスラスト
High Cable Curls	ハイケーブルカール
Hip Circles (prone)	ヒップサークル（うつ伏せ）
Hip Extension with Bands	バンド・ヒップエクステンション
Hip Flexion with Band	バンド・ヒップフレクション
Hip Lift with Band	バンド・ヒップリフト
Hug A Ball	ハグ・ア・ボール
Hug Knees To Chest	膝を抱えるストレッチ
Hurdle Hops	ハードルホップ
Hyperextensions (Back Extensions)	バックエクステンション（ハイパーエクステンション）
Hyperextensions With No Hyperextension Bench	ハイパーエクステンション（ベンチなし）
IT Band and Glute Stretch	腸脛靭帯とお尻のストレッチ
Iliotibial Tract-SMR	腸脛靭帯フォームローリング
Inchworm	インチワーム
Incline Barbell Triceps Extension	インクライン・バーベルトライセプスエクステンション
Incline Bench Pull	インクラインベンチプル
Incline Cable Chest Press	インクライン・ケーブルチェストプレス
Incline Cable Flye	インクライン・ケーブルフライ
Incline Dumbbell Bench With Palms Facing In	インクライン・ダンベルプレス（ニュートラルグリップ）
Incline Dumbbell Curl	インクライン・ダンベルカール
Incline Dumbbell Flyes	インクライン・ダンベルフライ
Incline Dumbbell Flyes - With A Twist	インクライン・ダンベルフライ（ツイスト）
Incline Dumbbell Press	インクライン・ダンベルプレス
Incline Hammer Curls	インクライン・ハンマーカール
Incline Inner Biceps Curl	インクライン・インナーバイセップスカール
Incline Push-Up	インクラインプッシュアップ
Incline Push-Up Close-Grip	インクラインプッシュアップ（クローズグリップ）
Incline Push-Up Depth Jump	インクラインプッシュアップ・デプスジャンプ
Incline Push-Up Medium	インクラインプッシュアップ（ミディアム）
Incline Push-Up Reverse Grip	インクラインプッシュアップ（リバースグリップ）
Incline Push-Up Wide	インクラインプッシュアップ（ワイド）
Intermediate Groin Stretch	中級者向け鼠径部ストレッチ
Intermediate Hip Flexor and Quad Stretch	中級者向け股関節屈筋・大腿四頭筋ストレッチ
Internal Rotation with Band	バンド・インターナルローテーション
Inverted Row	インバーテッドロウ（斜め懸垂）
Inverted Row with Straps	ストラップ・インバーテッドロウ
Iron Cross	アイアンクロス
Iron Crosses (stretch)	アイアンクロス（ストレッチ）
Isometric Chest Squeezes	アイソメトリック・チェストスクイーズ
Isometric Neck Exercise - Front And Back	アイソメトリック首トレ（前後）
Isometric Neck Exercise - Sides	アイソメトリック首トレ（左右）
Isometric Wipers	アイソメトリック・ワイパー
JM Press	JMプレス
Jackknife Sit-Up	ジャックナイフシットアップ
Janda Sit-Up	ヤンダシットアップ
Jefferson Squats	ジェファーソンスクワット
Jerk Balance	ジャークバランス
Jerk Dip Squat	ジャークディップスクワット
Jogging, Treadmill	ジョギング（トレッドミル）
Keg Load	ケグロード
Kettlebell Arnold Press	ケトルベル・アーノルドプレス
Kettlebell Dead Clean	ケトルベル・デッドクリーン
Kettlebell Figure 8	ケトルベル・フィギュアエイト
Kettlebell Halo	ケトルベルヘイロー
Kettlebell Halo with Overhead Extension	ケトルベルヘイロー（オーバーヘッドエクステンション付き）
Kettlebell Hang Clean	ケトルベル・ハングクリーン
Kettlebell One-Legged Deadlift	ケトルベル・ワンレッグデッドリフト
Kettlebell Overhead Triceps Extension	ケトルベル・オーバーヘッドトライセプスエクステンション
Kettlebell Pass Between The Legs	ケトルベル・パスビトウィーンザレッグス
Kettlebell Pirate Ships	ケトルベル・パイレーツシップ
Kettlebell Pistol Squat	ケトルベル・ピストルスクワット
Kettlebell Seated Press	ケトルベル・シーテッドプレス
Kettlebell Seesaw Press	ケトルベル・シーソープレス
Kettlebell Sumo High Pull	ケトルベル・スモウハイプル
Kettlebell Thruster	ケトルベルスラスター
Kettlebell Turkish Get-Up (Lunge style)	ケトルベル・ターキッシュゲットアップ（ランジ式）
Kettlebell Turkish Get-Up (Squat style)	ケトルベル・ターキッシュゲットアップ（スクワット式）
Kettlebell Windmill	ケトルベルウィンドミル
Kipping Muscle Up	キッピング・マッスルアップ
Knee Across The Body	膝を体の反対側に倒すストレッチ
Knee Circles	膝回し
Knee/Hip Raise On Parallel Bars	パラレルバー・ニー／ヒップレイズ
Knee Tuck Jump	ニータックジャンプ
Kneeling Arm Drill	ニーリング・アームドリル
Kneeling Cable Crunch With Alternating Oblique Twists	ニーリング・ケーブルクランチ（オルタネイト・ツイスト）
Kneeling Cable Triceps Extension	ニーリング・ケーブルトライセプスエクステンション
Kneeling Forearm Stretch	膝つき前腕ストレッチ
Kneeling High Pulley Row	ニーリング・ハイプーリーロウ
Kneeling Hip Flexor	ニーリング・ヒップフレクサーストレッチ
Kneeling Jump Squat	ニーリング・ジャンプスクワット
Kneeling Single-Arm High Pulley Row	ニーリング・ワンハンド・ハイプーリーロウ
Kneeling Squat	ニーリングスクワット
Landmine 180's	ランドマイン180
Landmine Linear Jammer	ランドマイン・リニアジャマー
Lateral Bound	ラテラルバウンド
Lateral Box Jump	ラテラルボックスジャンプ
Lateral Cone Hops	ラテラルコーンホップ
Lateral Raise - With Bands	バンド・サイドレイズ
Latissimus Dorsi-SMR	広背筋フォームローリング
Leg-Over Floor Press	レッグオーバー・フロアプレス
Leg-Up Hamstring Stretch	脚上げハムストリングストレッチ
Leg Extensions	レッグエクステンション
Leg Lift	レッグリフト
Leg Press	レッグプレス
Leg Pull-In	レッグプルイン
Leverage Chest Press	レバレッジ・チェストプレス
Leverage Deadlift	レバレッジ・デッドリフト
Leverage Decline Chest Press	レバレッジ・デクラインチェストプレス
Leverage High Row	レバレッジ・ハイロウ
Leverage Incline Chest Press	レバレッジ・インクラインチェストプレス
Leverage Iso Row	レバレッジ・アイソロウ
Leverage Shoulder Press	レバレッジ・ショルダープレス
Leverage Shrug	レバレッジ・シュラッグ
Linear 3-Part Start Technique	リニア3パートスタート
Linear Acceleration Wall Drill	リニア・アクセラレーション・ウォールドリル
Linear Depth Jump	リニア・デプスジャンプ
Log Lift	ログリフト
London Bridges	ロンドンブリッジ
Looking At Ceiling	ルッキング・アット・シーリング
Low Cable Crossover	ローケーブルクロスオーバー
Low Cable Triceps Extension	ローケーブル・トライセプスエクステンション
Low Pulley Row To Neck	ローププーリー・ロウ（首まで）
Lower Back-SMR	腰フォームローリング
Lower Back Curl	ローワーバックカール
Lunge Pass Through	ランジ・パススルー
Lunge Sprint	ランジスプリント
Lying Bent Leg Groin	ライイング・ベントレッグ鼠径部ストレッチ
Lying Cable Curl	ライイング・ケーブルカール
Lying Cambered Barbell Row	ライイング・キャンバーバーロウ
Lying Close-Grip Bar Curl On High Pulley	ライイング・クローズグリップカール（ハイプーリー）
Lying Close-Grip Barbell Triceps Extension Behind The Head	ライイング・クローズグリップ・トライセプスエクステンション（頭の後ろ）
Lying Close-Grip Barbell Triceps Press To Chin	ライイング・クローズグリップ・トライセプスプレス（あごまで）
Lying Crossover	ライイングクロスオーバー
Lying Dumbbell Tricep Extension	ライイング・ダンベルトライセプスエクステンション
Lying Face Down Plate Neck Resistance	プレート首トレ（うつ伏せ）
Lying Face Up Plate Neck Resistance	プレート首トレ（仰向け）
Lying Glute	ライイング・グルートストレッチ
Lying Hamstring	ライイング・ハムストリングストレッチ
Lying High Bench Barbell Curl	ライイング・ハイベンチ・バーベルカール
Lying Leg Curls	ライイングレッグカール
Lying Machine Squat	ライイングマシンスクワット
Lying One-Arm Lateral Raise	ライイング・ワンハンド・サイドレイズ
Lying Prone Quadriceps	うつ伏せ大腿四頭筋ストレッチ
Lying Rear Delt Raise	ライイング・リアデルトレイズ
Lying Supine Dumbbell Curl	ライイング・ダンベルカール（仰向け）
Lying T-Bar Row	ライイングTバーロウ
Lying Triceps Press	ライイング・トライセプスプレス
Machine Bench Press	マシンベンチプレス
Machine Bicep Curl	マシンバイセップスカール
Machine Preacher Curls	マシンプリーチャーカール
Machine Shoulder (Military) Press	マシンショルダープレス
Machine Triceps Extension	マシントライセプスエクステンション
Medicine Ball Chest Pass	メディシンボール・チェストパス
Medicine Ball Full Twist	メディシンボール・フルツイスト
Medicine Ball Scoop Throw	メディシンボール・スクープスロー
Middle Back Shrug	ミドルバックシュラッグ
Middle Back Stretch	中背部ストレッチ
Mixed Grip Chin	ミックスグリップ・チンニング
Monster Walk	モンスターウォーク
Mountain Climbers	マウンテンクライマー
Moving Claw Series	ムービングクロー
Muscle Snatch	マッスルスナッチ
Muscle Up	マッスルアップ
Narrow Stance Hack Squats	ナロースタンス・ハックスクワット
Narrow Stance Leg Press	ナロースタンス・レッグプレス
Narrow Stance Squats	ナロースタンス・スクワット
Natural Glute Ham Raise	ナチュラル・グルートハムレイズ
Neck-SMR	首フォームローリング
Neck Press	ネックプレス
Oblique Crunches	オブリーククランチ
Oblique Crunches - On The Floor	オブリーククランチ（フロア）
Olympic Squat	オリンピックスクワット
On-Your-Back Quad Stretch	仰向け大腿四頭筋ストレッチ
On Your Side Quad Stretch	横向き大腿四頭筋ストレッチ
One-Arm Dumbbell Row	ワンハンドロウ
One-Arm Flat Bench Dumbbell Flye	ワンハンド・フラットベンチ・ダンベルフライ
One-Arm High-Pulley Cable Side Bends	ワンハンド・ハイプーリー・サイドベンド
One-Arm Incline Lateral Raise	ワンハンド・インクライン・サイドレイズ
One-Arm Kettlebell Clean	ワンアーム・ケトルベルクリーン
One-Arm Kettlebell Clean and Jerk	ワンアーム・ケトルベルクリーン＆ジャーク
One-Arm Kettlebell Floor Press	ワンアーム・ケトルベルフロアプレス
One-Arm Kettlebell Jerk	ワンアーム・ケトルベルジャーク
One-Arm Kettlebell Military Press To The Side	ワンアーム・ケトルベルミリタリープレス（サイド）
One-Arm Kettlebell Para Press	ワンアーム・ケトルベルパラプレス
One-Arm Kettlebell Push Press	ワンアーム・ケトルベルプッシュプレス
One-Arm Kettlebell Row	ワンアーム・ケトルベルロウ
One-Arm Kettlebell Snatch	ワンアーム・ケトルベルスナッチ
One-Arm Kettlebell Split Jerk	ワンアーム・ケトルベルスプリットジャーク
One-Arm Kettlebell Split Snatch	ワンアーム・ケトルベルスプリットスナッチ
One-Arm Kettlebell Swings	ワンアーム・ケトルベルスイング
One-Arm Long Bar Row	ワンアーム・ロングバーロウ
One-Arm Medicine Ball Slam	ワンアーム・メディシンボールスラム
One-Arm Open Palm Kettlebell Clean	ワンアーム・オープンパーム・ケトルベルクリーン
One-Arm Overhead Kettlebell Squats	ワンアーム・オーバーヘッド・ケトルベルスクワット
One-Arm Side Deadlift	ワンアーム・サイドデッドリフト
One-Arm Side Laterals	ワンアーム・サイドレイズ
One-Legged Cable Kickback	ワンレッグ・ケーブルキックバック
One Arm Against Wall	壁を使った片腕ストレッチ
One Arm Chin-Up	ワンアーム・チンニング
One Arm Dumbbell Bench Press	ワンハンド・ダンベルベンチプレス
One Arm Dumbbell Preacher Curl	ワンハンド・ダンベルプリーチャーカール
One Arm Floor Press	ワンアーム・フロアプレス
One Arm Lat Pulldown	ワンハンド・ラットプルダウン
One Arm Pronated Dumbbell Triceps Extension	ワンハンド・ダンベルトライセプスエクステンション（オーバーグリップ）
One Arm Supinated Dumbbell Triceps Extension	ワンハンド・ダンベルトライセプスエクステンション（アンダーグリップ）
One Half Locust	ワンハーフ・ローカスト
One Handed Hang	ワンハンド・ハング
One Knee To Chest	片膝を胸に引き寄せるストレッチ
One Leg Barbell Squat	ワンレッグ・バーベルスクワット
Open Palm Kettlebell Clean	オープンパーム・ケトルベルクリーン
Otis-Up	オーティスアップ
Overhead Cable Curl	オーバーヘッド・ケーブルカール
Overhead Lat	オーバーヘッド・広背筋ストレッチ
Overhead Slam	オーバーヘッドスラム
Overhead Squat	オーバーヘッドスクワット
Overhead Stretch	オーバーヘッドストレッチ
Overhead Triceps	オーバーヘッド・上腕三頭筋ストレッチ
Pallof Press	パロフプレス
Pallof Press With Rotation	パロフプレス（ローテーション付き）
Palms-Down Dumbbell Wrist Curl Over A Bench	リバース・ダンベルリストカール（ベンチ）
Palms-Down Wrist Curl Over A Bench	リバースリストカール（ベンチ）
Palms-Up Barbell Wrist Curl Over A Bench	バーベルリストカール（ベンチ）
Palms-Up Dumbbell Wrist Curl Over A Bench	ダンベルリストカール（ベンチ）
Parallel Bar Dip	パラレルバーディップス
Pelvic Tilt Into Bridge	骨盤チルトからのブリッジ
Peroneals-SMR	腓骨筋フォームローリング
Peroneals Stretch	腓骨筋ストレッチ
Physioball Hip Bridge	バランスボール・ヒップブリッジ
Pin Presses	ピンプレス
Piriformis-SMR	梨状筋フォームローリング
Plank	プランク
Plate Pinch	プレートピンチ
Plate Twist	プレートツイスト
Platform Hamstring Slides	プラットフォーム・ハムストリングスライド
Plie Dumbbell Squat	プリエ・ダンベルスクワット
Plyo Kettlebell Pushups	プライオ・ケトルベルプッシュアップ
Plyo Push-up	プライオ・プッシュアップ
Posterior Tibialis Stretch	後脛骨筋ストレッチ
Power Clean	パワークリーン
Power Clean from Blocks	ブロックからのパワークリーン
Power Jerk	パワージャーク
Power Partials	パワーパーシャル
Power Snatch	パワースナッチ
Power Snatch from Blocks	ブロックからのパワースナッチ
Power Stairs	パワーステア
Preacher Curl	プリーチャーカール
Preacher Hammer Dumbbell Curl	プリーチャー・ハンマーダンベルカール
Press Sit-Up	プレスシットアップ
Prone Manual Hamstring	うつ伏せ・パートナーハムストリングストレッチ
Prowler Sprint	プラウラースプリント
Pull Through	プルスルー
Pullups	懸垂（プルアップ）
Push-Up Wide	ワイドプッシュアップ
Push-Ups - Close Triceps Position	ナロープッシュアップ（トライセプス）
Push-Ups With Feet Elevated	足上げプッシュアップ
Push-Ups With Feet On An Exercise Ball	足をボールに乗せたプッシュアップ
Push Press	プッシュプレス
Push Press - Behind the Neck	ビハインドネック・プッシュプレス
Push Up to Side Plank	プッシュアップ→サイドプランク
Pushups	プッシュアップ（腕立て伏せ）
Pushups (Close and Wide Hand Positions)	プッシュアップ（ナロー＆ワイド）
Pyramid	ピラミッド
Quad Stretch	大腿四頭筋ストレッチ
Quadriceps-SMR	大腿四頭筋フォームローリング
Quick Leap	クイックリープ
Rack Delivery	ラックデリバリー
Rack Pull with Bands	バンド付きラックプル
Rack Pulls	ラックプル
Rear Leg Raises	リアレッグレイズ
Recumbent Bike	リカンベントバイク
Return Push from Stance	リターンプッシュ
Reverse Band Bench Press	リバースバンド・ベンチプレス
Reverse Band Box Squat	リバースバンド・ボックススクワット
Reverse Band Deadlift	リバースバンド・デッドリフト
Reverse Band Power Squat	リバースバンド・パワースクワット
Reverse Band Sumo Deadlift	リバースバンド・スモウデッドリフト
Reverse Barbell Curl	リバースバーベルカール
Reverse Barbell Preacher Curls	リバース・バーベルプリーチャーカール
Reverse Cable Curl	リバース・ケーブルカール
Reverse Crunch	リバースクランチ
Reverse Flyes	リバースフライ
Reverse Flyes With External Rotation	リバースフライ（外旋付き）
Reverse Grip Bent-Over Rows	リバースグリップ・ベントオーバーロウ
Reverse Grip Triceps Pushdown	リバースグリップ・トライセプスプッシュダウン
Reverse Hyperextension	リバースハイパーエクステンション
Reverse Machine Flyes	リバースマシンフライ（リアデルトマシン）
Reverse Plate Curls	リバースプレートカール
Reverse Triceps Bench Press	リバース・トライセプスベンチプレス
Rhomboids-SMR	菱形筋フォームローリング
Rickshaw Carry	リキシャキャリー
Rickshaw Deadlift	リキシャデッドリフト
Ring Dips	リングディップス
Rocket Jump	ロケットジャンプ
Rocking Standing Calf Raise	ロッキング・スタンディングカーフレイズ
Rocky Pull-Ups/Pulldowns	ロッキープルアップ／プルダウン
Romanian Deadlift	ルーマニアンデッドリフト
Romanian Deadlift from Deficit	ディフィシット・ルーマニアンデッドリフト
Rope Climb	ロープクライム
Rope Crunch	ロープクランチ
Rope Jumping	縄跳び
Rope Straight-Arm Pulldown	ロープ・ストレートアームプルダウン
Round The World Shoulder Stretch	ラウンド・ザ・ワールド肩ストレッチ
Rowing, Stationary	ローイングマシン
Runner's Stretch	ランナーズストレッチ
Running, Treadmill	ランニング（トレッドミル）
Russian Twist	ロシアンツイスト
Sandbag Load	サンドバッグロード
Scapular Pull-Up	スキャプラプルアップ
Scissor Kick	シザーキック
Scissors Jump	シザースジャンプ
Seated Band Hamstring Curl	バンド・シーテッドハムストリングカール
Seated Barbell Military Press	シーテッド・バーベルミリタリープレス
Seated Barbell Twist	シーテッド・バーベルツイスト
Seated Bent-Over One-Arm Dumbbell Triceps Extension	シーテッド・ベントオーバー・ワンハンド・ダンベルトライセプスエクステンション
Seated Bent-Over Rear Delt Raise	シーテッド・ベントオーバー・リアデルトレイズ
Seated Bent-Over Two-Arm Dumbbell Triceps Extension	シーテッド・ベントオーバー・ツーハンド・ダンベルトライセプスエクステンション
Seated Biceps	シーテッド・上腕二頭筋ストレッチ
Seated Cable Rows	シーテッドケーブルロウ
Seated Cable Shoulder Press	シーテッド・ケーブルショルダープレス
Seated Calf Raise	シーテッドカーフレイズ
Seated Calf Stretch	シーテッド・ふくらはぎストレッチ
Seated Close-Grip Concentration Barbell Curl	シーテッド・クローズグリップ・コンセントレーションバーベルカール
Seated Dumbbell Curl	シーテッドダンベルカール
Seated Dumbbell Inner Biceps Curl	シーテッド・ダンベルインナーバイセップスカール
Seated Dumbbell Palms-Down Wrist Curl	シーテッド・ダンベルリバースリストカール
Seated Dumbbell Palms-Up Wrist Curl	シーテッド・ダンベルリストカール
Seated Dumbbell Press	シーテッドダンベルプレス
Seated Flat Bench Leg Pull-In	シーテッド・フラットベンチ・レッグプルイン
Seated Floor Hamstring Stretch	座位ハムストリングストレッチ
Seated Front Deltoid	シーテッド・三角筋前部ストレッチ
Seated Glute	シーテッド・お尻のストレッチ
Seated Good Mornings	シーテッドグッドモーニング
Seated Hamstring	シーテッド・ハムストリングストレッチ
Seated Hamstring and Calf Stretch	シーテッド・ハムストリングとふくらはぎのストレッチ
Seated Head Harness Neck Resistance	ヘッドハーネス首トレ（シーテッド）
Seated Leg Curl	シーテッドレッグカール
Seated Leg Tucks	シーテッド・レッグタック
Seated One-Arm Dumbbell Palms-Down Wrist Curl	シーテッド・ワンハンド・リバースリストカール
Seated One-Arm Dumbbell Palms-Up Wrist Curl	シーテッド・ワンハンド・リストカール
Seated One-arm Cable Pulley Rows	シーテッド・ワンハンド・ケーブルロウ
Seated Overhead Stretch	シーテッド・オーバーヘッドストレッチ
Seated Palm-Up Barbell Wrist Curl	シーテッド・バーベルリストカール
Seated Palms-Down Barbell Wrist Curl	シーテッド・バーベルリバースリストカール
Seated Side Lateral Raise	シーテッドサイドレイズ
Seated Triceps Press	シーテッド・トライセプスプレス
Seated Two-Arm Palms-Up Low-Pulley Wrist Curl	シーテッド・ローケーブルリストカール
See-Saw Press (Alternating Side Press)	シーソープレス（オルタネイトサイドプレス）
Shotgun Row	ショットガンロウ
Shoulder Circles	肩回し
Shoulder Press - With Bands	バンド・ショルダープレス
Shoulder Raise	ショルダーレイズ
Shoulder Stretch	肩ストレッチ
Side-Lying Floor Stretch	横向き床ストレッチ
Side Bridge	サイドブリッジ
Side Hop-Sprint	サイドホップスプリント
Side Jackknife	サイドジャックナイフ
Side Lateral Raise	サイドレイズ
Side Laterals to Front Raise	サイドレイズ→フロントレイズ
Side Leg Raises	サイドレッグレイズ
Side Lying Groin Stretch	横向き鼠径部ストレッチ
Side Neck Stretch	首の側面ストレッチ
Side Standing Long Jump	サイド・スタンディングロングジャンプ
Side To Side Chins	サイドトゥサイド・チンニング
Side Wrist Pull	サイドリストプル
Side to Side Box Shuffle	サイドトゥサイド・ボックスシャッフル
Single-Arm Cable Crossover	ワンハンド・ケーブルクロスオーバー
Single-Arm Linear Jammer	シングルアーム・リニアジャマー
Single-Arm Push-Up	片手プッシュアップ
Single-Cone Sprint Drill	シングルコーン・スプリントドリル
Single-Leg High Box Squat	シングルレッグ・ハイボックススクワット
Single-Leg Hop Progression	シングルレッグ・ホッププログレッション
Single-Leg Lateral Hop	シングルレッグ・ラテラルホップ
Single-Leg Leg Extension	シングルレッグ・レッグエクステンション
Single-Leg Stride Jump	シングルレッグ・ストライドジャンプ
Single Dumbbell Raise	シングルダンベルレイズ
Single Leg Butt Kick	シングルレッグ・バットキック
Single Leg Glute Bridge	シングルレッグ・グルートブリッジ
Single Leg Push-off	シングルレッグ・プッシュオフ
Sit-Up	シットアップ
Sit Squats	シットスクワット
Skating	スケーティング
Sled Drag - Harness	スレッドドラッグ（ハーネス）
Sled Overhead Backward Walk	スレッド・オーバーヘッド・バックワードウォーク
Sled Overhead Triceps Extension	スレッド・オーバーヘッド・トライセプスエクステンション
Sled Push	スレッドプッシュ
Sled Reverse Flye	スレッド・リバースフライ
Sled Row	スレッドロウ
Sledgehammer Swings	スレッジハンマースイング
Smith Incline Shoulder Raise	スミス・インクラインショルダーレイズ
Smith Machine Behind the Back Shrug	スミスマシン・ビハインドザバックシュラッグ
Smith Machine Bench Press	スミスマシン・ベンチプレス
Smith Machine Bent Over Row	スミスマシン・ベントオーバーロウ
Smith Machine Calf Raise	スミスマシン・カーフレイズ
Smith Machine Close-Grip Bench Press	スミスマシン・クローズグリップベンチプレス
Smith Machine Decline Press	スミスマシン・デクラインプレス
Smith Machine Hang Power Clean	スミスマシン・ハングパワークリーン
Smith Machine Hip Raise	スミスマシン・ヒップレイズ
Smith Machine Incline Bench Press	スミスマシン・インクラインベンチプレス
Smith Machine Leg Press	スミスマシン・レッグプレス
Smith Machine One-Arm Upright Row	スミスマシン・ワンハンド・アップライトロウ
Smith Machine Overhead Shoulder Press	スミスマシン・ショルダープレス
Smith Machine Pistol Squat	スミスマシン・ピストルスクワット
Smith Machine Reverse Calf Raises	スミスマシン・リバースカーフレイズ
Smith Machine Squat	スミスマシンスクワット
Smith Machine Stiff-Legged Deadlift	スミスマシン・スティッフレッグデッドリフト
Smith Machine Upright Row	スミスマシン・アップライトロウ
Smith Single-Leg Split Squat	スミス・シングルレッグ・スプリットスクワット
Snatch	スナッチ
Snatch Balance	スナッチバランス
Snatch Deadlift	スナッチデッドリフト
Snatch Pull	スナッチプル
Snatch Shrug	スナッチシュラッグ
Snatch from Blocks	ブロックからのスナッチ
Speed Band Overhead Triceps	スピードバンド・オーバーヘッドトライセプス
Speed Box Squat	スピードボックススクワット
Speed Squats	スピードスクワット
Spell Caster	スペルキャスター
Spider Crawl	スパイダークロール
Spider Curl	スパイダーカール
Spinal Stretch	脊柱ストレッチ
Split Clean	スプリットクリーン
Split Jerk	スプリットジャーク
Split Jump	スプリットジャンプ
Split Snatch	スプリットスナッチ
Split Squat with Dumbbells	ダンベル・スプリットスクワット
Split Squats	スプリットスクワット
Squat Jerk	スクワットジャーク
Squat with Bands	バンド付きスクワット
Squat with Chains	チェーン付きスクワット
Squat with Plate Movers	プレートムーバー・スクワット
Squats - With Bands	バンド・スクワット
Stairmaster	ステアマスター
Standing Alternating Dumbbell Press	スタンディング・オルタネイト・ダンベルプレス
Standing Barbell Calf Raise	スタンディング・バーベルカーフレイズ
Standing Barbell Press Behind Neck	ビハインドネックプレス
Standing Bent-Over One-Arm Dumbbell Triceps Extension	ダンベル・トライセプスキックバック（ワンハンド）
Standing Bent-Over Two-Arm Dumbbell Triceps Extension	ツーハンド・ダンベルトライセプスキックバック
Standing Biceps Cable Curl	スタンディング・ケーブルカール
Standing Biceps Stretch	スタンディング・上腕二頭筋ストレッチ
Standing Bradford Press	スタンディング・ブラッドフォードプレス
Standing Cable Chest Press	スタンディング・ケーブルチェストプレス
Standing Cable Lift	スタンディング・ケーブルリフト
Standing Cable Wood Chop	ケーブルウッドチョップ
Standing Calf Raises	スタンディングカーフレイズ
Standing Concentration Curl	スタンディング・コンセントレーションカール
Standing Dumbbell Calf Raise	スタンディング・ダンベルカーフレイズ
Standing Dumbbell Press	スタンディング・ダンベルプレス
Standing Dumbbell Reverse Curl	スタンディング・ダンベルリバースカール
Standing Dumbbell Straight-Arm Front Delt Raise Above Head	スタンディング・ダンベルフロントレイズ（頭上まで）
Standing Dumbbell Triceps Extension	スタンディング・ダンベルトライセプスエクステンション
Standing Dumbbell Upright Row	スタンディング・ダンベルアップライトロウ
Standing Elevated Quad Stretch	スタンディング・大腿四頭筋ストレッチ（台あり）
Standing Front Barbell Raise Over Head	スタンディング・バーベルフロントレイズ（頭上まで）
Standing Gastrocnemius Calf Stretch	スタンディング・腓腹筋ストレッチ
Standing Hamstring and Calf Stretch	スタンディング・ハムストリングとふくらはぎのストレッチ
Standing Hip Circles	スタンディング・ヒップサークル
Standing Hip Flexors	スタンディング・股関節屈筋ストレッチ
Standing Inner-Biceps Curl	スタンディング・インナーバイセップスカール
Standing Lateral Stretch	スタンディング・体側ストレッチ
Standing Leg Curl	スタンディングレッグカール
Standing Long Jump	立ち幅跳び
Standing Low-Pulley Deltoid Raise	スタンディング・ローケーブルサイドレイズ
Standing Low-Pulley One-Arm Triceps Extension	スタンディング・ローケーブル・ワンハンドトライセプスエクステンション
Standing Military Press	ミリタリープレス
Standing Olympic Plate Hand Squeeze	プレート・ハンドスクイーズ
Standing One-Arm Cable Curl	スタンディング・ワンハンド・ケーブルカール
Standing One-Arm Dumbbell Curl Over Incline Bench	インクラインベンチ越しのワンハンド・ダンベルカール
Standing One-Arm Dumbbell Triceps Extension	スタンディング・ワンハンド・ダンベルトライセプスエクステンション
Standing Overhead Barbell Triceps Extension	スタンディング・バーベルトライセプスエクステンション
Standing Palm-In One-Arm Dumbbell Press	スタンディング・ワンハンド・ニュートラルグリップ・ダンベルプレス
Standing Palms-In Dumbbell Press	スタンディング・ニュートラルグリップ・ダンベルプレス
Standing Palms-Up Barbell Behind The Back Wrist Curl	ビハインド・ザ・バック・バーベルリストカール
Standing Pelvic Tilt	スタンディング・骨盤チルト
Standing Rope Crunch	スタンディング・ロープクランチ
Standing Soleus And Achilles Stretch	スタンディング・ヒラメ筋とアキレス腱のストレッチ
Standing Toe Touches	スタンディング・トゥタッチ
Standing Towel Triceps Extension	スタンディング・タオルトライセプスエクステンション
Standing Two-Arm Overhead Throw	スタンディング・ツーアーム・オーバーヘッドスロー
Star Jump	スタージャンプ
Step-up with Knee Raise	ステップアップ（ニーレイズ付き）
Step Mill	ステップミル
Stiff-Legged Barbell Deadlift	スティッフレッグ・デッドリフト
Stiff-Legged Dumbbell Deadlift	スティッフレッグ・ダンベルデッドリフト
Stiff Leg Barbell Good Morning	スティッフレッグ・グッドモーニング
Stomach Vacuum	ドローイン（ストマックバキューム）
Straight-Arm Dumbbell Pullover	ストレートアーム・ダンベルプルオーバー
Straight-Arm Pulldown	ストレートアームプルダウン
Straight Bar Bench Mid Rows	ストレートバー・ベンチミッドロウ
Straight Raises on Incline Bench	インクラインベンチ・ストレートレイズ
Stride Jump Crossover	ストライドジャンプ・クロスオーバー
Sumo Deadlift	スモウデッドリフト
Sumo Deadlift with Bands	バンド付きスモウデッドリフト
Sumo Deadlift with Chains	チェーン付きスモウデッドリフト
Superman	スーパーマン
Supine Chest Throw	仰向けチェストスロー
Supine One-Arm Overhead Throw	仰向け・ワンアーム・オーバーヘッドスロー
Supine Two-Arm Overhead Throw	仰向け・ツーアーム・オーバーヘッドスロー
Suspended Fallout	サスペンデッド・フォールアウト
Suspended Push-Up	サスペンション・プッシュアップ
Suspended Reverse Crunch	サスペンション・リバースクランチ
Suspended Row	サスペンションロウ
Suspended Split Squat	サスペンション・スプリットスクワット
Svend Press	スヴェンドプレス
T-Bar Row with Handle	Tバーロウ（ハンドル）
Tate Press	テイトプレス
The Straddle	ザ・ストラドル
Thigh Abductor	ヒップアブダクション（外転マシン）
Thigh Adductor	ヒップアダクション（内転マシン）
Tire Flip	タイヤフリップ
Toe Touchers	トゥタッチャー
Torso Rotation	トルソーローテーション
Trail Running/Walking	トレイルランニング／ウォーキング
Trap Bar Deadlift	トラップバーデッドリフト
Tricep Dumbbell Kickback	ダンベルキックバック
Tricep Side Stretch	上腕三頭筋サイドストレッチ
Triceps Overhead Extension with Rope	ロープ・オーバーヘッドトライセプスエクステンション
Triceps Pushdown	トライセプスプッシュダウン
Triceps Pushdown - Rope Attachment	トライセプスプッシュダウン（ロープ）
Triceps Pushdown - V-Bar Attachment	トライセプスプッシュダウン（Vバー）
Triceps Stretch	上腕三頭筋ストレッチ
Tuck Crunch	タッククランチ
Two-Arm Dumbbell Preacher Curl	ツーアーム・ダンベルプリーチャーカール
Two-Arm Kettlebell Clean	ツーアーム・ケトルベルクリーン
Two-Arm Kettlebell Jerk	ツーアーム・ケトルベルジャーク
Two-Arm Kettlebell Military Press	ツーアーム・ケトルベルミリタリープレス
Two-Arm Kettlebell Row	ツーアーム・ケトルベルロウ
Underhand Cable Pulldowns	アンダーハンド・ケーブルプルダウン
Upper Back-Leg Grab	アッパーバック・レッググラブ
Upper Back Stretch	上背部ストレッチ
Upright Barbell Row	アップライトロウ
Upright Cable Row	ケーブル・アップライトロウ
Upright Row - With Bands	バンド・アップライトロウ
Upward Stretch	アップワードストレッチ
V-Bar Pulldown	Vバー・ラットプルダウン
V-Bar Pullup	Vバー・プルアップ
Vertical Swing	バーティカルスイング
Walking, Treadmill	ウォーキング（トレッドミル）
Weighted Ball Hyperextension	ウェイトボール・ハイパーエクステンション
Weighted Ball Side Bend	ウェイトボール・サイドベンド
Weighted Bench Dip	ウェイテッド・ベンチディップス
Weighted Crunches	ウェイテッドクランチ
Weighted Jump Squat	ウェイテッド・ジャンプスクワット
Weighted Pull Ups	ウェイテッドプルアップ（加重懸垂）
Weighted Sissy Squat	ウェイテッド・シシースクワット
Weighted Sit-Ups - With Bands	バンド付きウェイテッドシットアップ
Weighted Squat	ウェイテッドスクワット
Wide-Grip Barbell Bench Press	ワイドグリップ・ベンチプレス
Wide-Grip Decline Barbell Bench Press	ワイドグリップ・デクラインベンチプレス
Wide-Grip Decline Barbell Pullover	ワイドグリップ・デクライン・バーベルプルオーバー
Wide-Grip Lat Pulldown	ワイドグリップ・ラットプルダウン
Wide-Grip Pulldown Behind The Neck	ワイドグリップ・ビハインドネック・プルダウン
Wide-Grip Rear Pull-Up	ワイドグリップ・リアプルアップ
Wide-Grip Standing Barbell Curl	ワイドグリップ・スタンディングバーベルカール
Wide Stance Barbell Squat	ワイドスタンス・バーベルスクワット
Wide Stance Stiff Legs	ワイドスタンス・スティッフレッグ
Wind Sprints	ウィンドスプリント
Windmills	ウィンドミル
World's Greatest Stretch	ワールドグレイテストストレッチ
Wrist Circles	手首回し
Wrist Roller	リストローラー
Wrist Rotations with Straight Bar	ストレートバー・リストローテーション
Yoke Walk	ヨークウォーク
Zercher Squats	ザーチャースクワット
Zottman Curl	ゾットマンカール
Zottman Preacher Curl	ゾットマン・プリーチャーカール
